SVM,Decision Tree,Random Forest,XGBoost,Neural Network,Pattern
1.0,1.0,1.0,1.0,1.0,Linear
1.0,0.9933333333333333,1.0,1.0,1.0,Circular
0.9866666666666667,0.9866666666666667,0.9866666666666667,0.9733333333333334,1.0,Sinusoidal
