Batch_Size,Final_Train_Loss,Final_Test_Accuracy
16,0.2552656569518149,0.775
32,0.31346655506640675,0.75625
64,0.3341635301709175,0.75625
128,0.3288815379142761,0.74375
256,0.36234340667724607,0.7625
512,0.44109606742858887,0.7375
