Epochs,Final_Train_Loss,Final_Test_Accuracy
1,0.7007225163280963,0.74375
10,0.5033816881477833,0.7125
25,0.44122360423207285,0.75
50,0.2443563275039196,0.778125
100,0.13496560081839562,0.765625
250,0.01673740331607405,0.7375
