Learning_Rate,Final_Train_Loss,Final_Test_Accuracy
10.0,0.8659663066267967,0.521875
1.0,0.7602756887674331,0.521875
0.1,0.5142604380846023,0.753125
0.01,0.28591955192387103,0.734375
0.001,0.4435946553945541,0.753125
0.0001,0.574913314729929,0.734375
